date,temperature_c,humidity_percent,wind_speed_kmph,pm2_5,pm10,aqi
2024-01-01 00:00:00,23.11,68.87,7.41,108.63,93.28,339.63
2024-01-01 01:00:00,43.28,57.53,21.68,101.04,89.15,317.58
2024-01-01 02:00:00,35.62,41.67,34.92,14.87,273.75,250.74
2024-01-01 03:00:00,30.95,76.97,29.29,74.84,89.87,384.62
2024-01-01 04:00:00,15.46,67.93,32.26,82.24,96.15,120.17
2024-01-01 05:00:00,15.46,31.38,26.35,85.78,232.63,88.24
2024-01-01 06:00:00,12.03,83.76,27.69,120.23,145.93,348.89
2024-01-01 07:00:00,40.32,77.58,33.97,111.38,237.48,203.7
2024-01-01 08:00:00,31.04,86.49,9.99,125.5,38.3,346.44
2024-01-01 09:00:00,34.78,70.8,19.58,155.33,156.52,362.58
2024-01-01 10:00:00,10.72,62.94,8.85,164.47,29.41,71.86
2024-01-01 11:00:00,43.95,49.28,39.51,146.44,37.54,359.21
2024-01-01 12:00:00,39.14,85.29,37.76,191.55,273.8,206.91
2024-01-01 13:00:00,17.43,80.62,1.58,13.46,58.99,228.65
2024-01-01 14:00:00,16.36,23.17,28.22,47.2,169.08,269.31
2024-01-01 15:00:00,16.42,21.85,37.01,11.44,135.11,374.23
2024-01-01 16:00:00,20.65,46.35,7.22,133.02,117.26,56.69
2024-01-01 17:00:00,28.37,76.74,22.72,180.63,271.95,216.9
2024-01-01 18:00:00,25.12,89.11,36.62,56.26,26.11,290.7
2024-01-01 19:00:00,20.19,30.53,1.36,186.14,205.86,302.95
2024-01-01 20:00:00,31.41,61.59,27.9,21.45,289.75,292.39
2024-01-01 21:00:00,14.88,46.66,11.89,187.54,176.85,97.05
2024-01-01 22:00:00,20.23,87.89,36.98,76.81,282.31,154.79
2024-01-01 23:00:00,22.82,78.95,38.84,29.27,34.63,175.55
2024-01-02 00:00:00,25.96,78.68,37.77,102.32,137.26,331.55
2024-01-02 01:00:00,37.48,52.81,18.97,58.79,92.84,147.57
2024-01-02 02:00:00,16.99,49.04,34.48,64.13,224.63,123.75
2024-01-02 03:00:00,28.0,39.14,33.78,68.39,294.76,385.11
2024-01-02 04:00:00,30.73,23.95,12.76,162.57,91.83,53.1
2024-01-02 05:00:00,11.63,80.53,33.16,112.44,203.17,399.24
2024-01-02 06:00:00,31.26,76.9,1.48,69.15,75.47,286.89
2024-01-02 07:00:00,15.97,89.98,23.85,125.96,178.29,339.96
2024-01-02 08:00:00,12.28,89.76,9.2,146.07,149.9,153.12
2024-01-02 09:00:00,43.21,58.88,4.82,61.8,292.16,55.01
2024-01-02 10:00:00,43.8,73.83,3.08,88.57,190.39,308.25
2024-01-02 11:00:00,38.29,86.13,27.85,33.16,117.86,341.95
2024-01-02 12:00:00,20.66,79.48,13.59,44.42,51.95,309.17
2024-01-02 13:00:00,13.42,37.31,28.99,139.41,62.35,100.0
2024-01-02 14:00:00,33.95,51.54,2.61,44.47,83.09,313.7
2024-01-02 15:00:00,25.41,29.04,12.61,109.78,90.27,319.12
2024-01-02 16:00:00,14.27,86.78,21.58,144.72,258.17,280.49
2024-01-02 17:00:00,27.33,62.43,31.63,30.31,177.14,318.14
2024-01-02 18:00:00,11.2,36.0,12.75,117.79,166.55,346.07
2024-01-02 19:00:00,41.83,67.02,25.04,58.75,52.14,264.76
2024-01-02 20:00:00,19.06,63.27,35.44,192.96,260.84,81.01
2024-01-02 21:00:00,33.19,45.07,24.63,101.87,222.39,220.67
2024-01-02 22:00:00,20.91,27.95,9.32,163.14,38.95,77.18
2024-01-02 23:00:00,28.2,67.01,0.98,114.54,218.19,192.64
2024-01-03 00:00:00,29.13,56.42,34.8,18.25,172.19,192.49
2024-01-03 01:00:00,16.47,74.06,0.85,130.3,42.88,73.1
2024-01-03 02:00:00,43.94,56.41,34.99,190.77,148.32,172.09
2024-01-03 03:00:00,37.13,79.65,21.16,124.31,155.71,88.85
2024-01-03 04:00:00,42.88,58.63,37.56,165.65,66.42,332.88
2024-01-03 05:00:00,41.32,59.27,31.95,178.0,284.8,381.69
2024-01-03 06:00:00,30.93,81.37,39.92,53.34,257.99,75.31
2024-01-03 07:00:00,42.27,48.24,14.03,50.29,207.33,384.29
2024-01-03 08:00:00,13.1,29.38,30.69,126.09,149.44,232.9
2024-01-03 09:00:00,16.86,22.01,16.08,88.1,135.29,154.85
2024-01-03 10:00:00,11.58,72.86,19.2,169.57,202.27,76.9
2024-01-03 11:00:00,21.39,63.42,25.1,181.0,172.72,225.22
2024-01-03 12:00:00,23.6,69.29,34.95,77.15,37.44,328.08
2024-01-03 13:00:00,19.5,34.91,39.36,55.01,163.5,297.48
2024-01-03 14:00:00,39.01,29.55,30.73,158.3,245.79,67.58
2024-01-03 15:00:00,22.49,21.02,16.71,62.21,148.59,75.52
2024-01-03 16:00:00,19.83,44.54,16.85,166.3,34.55,191.01
2024-01-03 17:00:00,28.99,61.29,29.5,90.51,240.16,153.35
2024-01-03 18:00:00,14.93,47.46,9.55,136.83,76.38,131.33
2024-01-03 19:00:00,38.08,50.62,4.42,28.15,92.41,148.35
2024-01-03 20:00:00,12.61,83.29,14.18,128.53,66.12,331.22
2024-01-03 21:00:00,44.54,44.38,11.49,95.84,112.46,375.23
2024-01-03 22:00:00,37.03,55.98,11.85,121.46,231.89,191.79
2024-01-03 23:00:00,16.96,74.86,9.34,41.92,165.43,367.14
2024-01-04 00:00:00,10.19,47.76,1.68,150.01,77.37,162.52
2024-01-04 01:00:00,38.54,63.55,0.71,173.93,265.79,216.75
2024-01-04 02:00:00,34.74,80.37,39.51,51.18,266.28,129.11
2024-01-04 03:00:00,35.52,86.47,17.11,28.19,263.76,274.17
2024-01-04 04:00:00,36.99,30.3,15.37,14.49,86.86,392.64
2024-01-04 05:00:00,12.59,84.86,27.19,131.97,146.35,261.22
2024-01-04 06:00:00,22.55,54.45,8.73,125.35,295.8,175.23
2024-01-04 07:00:00,14.06,38.08,38.0,113.87,236.16,276.74
2024-01-04 08:00:00,40.21,52.14,31.45,54.07,27.61,93.02
2024-01-04 09:00:00,31.82,88.6,3.58,84.27,38.26,361.03
2024-01-04 10:00:00,21.58,54.48,16.7,122.95,149.9,226.08
2024-01-04 11:00:00,12.22,43.01,35.16,104.39,274.58,207.27
2024-01-04 12:00:00,20.88,64.34,37.79,197.68,170.84,255.05
2024-01-04 13:00:00,21.38,36.81,18.7,35.92,159.39,268.67
2024-01-04 14:00:00,35.54,25.31,24.54,142.08,49.53,75.12
2024-01-04 15:00:00,32.31,29.02,6.68,86.82,203.9,288.92
2024-01-04 16:00:00,41.05,28.96,39.65,91.36,250.19,134.68
2024-01-04 17:00:00,26.53,30.63,9.27,146.34,126.52,299.88
2024-01-04 18:00:00,14.19,29.72,37.71,141.56,237.17,337.89
2024-01-04 19:00:00,34.96,64.86,25.99,198.34,290.05,331.39
2024-01-04 20:00:00,36.63,32.73,24.31,34.39,77.05,243.38
2024-01-04 21:00:00,29.64,44.2,20.51,29.78,166.53,232.06
2024-01-04 22:00:00,36.98,82.78,9.23,147.62,100.4,100.01
2024-01-04 23:00:00,27.28,53.18,7.06,119.89,242.0,321.37
2024-01-05 00:00:00,28.3,66.73,8.82,62.09,181.73,144.99
2024-01-05 01:00:00,24.96,32.06,7.46,25.09,197.68,223.84
2024-01-05 02:00:00,10.89,33.46,31.18,26.28,243.42,149.5
2024-01-05 03:00:00,13.78,22.86,14.01,179.9,130.87,96.84
2024-01-05 04:00:00,11.1,31.83,2.31,46.45,276.23,270.35
2024-01-05 05:00:00,32.27,39.5,38.76,71.44,169.25,69.02
2024-01-05 06:00:00,21.0,32.39,35.35,53.06,64.23,312.03
2024-01-05 07:00:00,27.8,26.21,37.11,77.45,214.85,161.16
2024-01-05 08:00:00,41.76,28.44,39.8,23.19,242.11,50.05
2024-01-05 09:00:00,18.73,52.25,6.96,108.62,108.69,228.9
2024-01-05 10:00:00,24.36,34.44,15.85,22.85,260.01,66.4
2024-01-05 11:00:00,36.44,45.5,30.33,162.07,273.72,146.66
2024-01-05 12:00:00,18.01,55.24,27.84,54.41,97.53,297.44
2024-01-05 13:00:00,12.69,68.33,6.16,112.6,295.39,71.94
2024-01-05 14:00:00,20.14,22.75,32.63,177.22,59.4,343.77
2024-01-05 15:00:00,15.64,75.96,8.98,133.67,76.56,51.34
2024-01-05 16:00:00,42.54,63.95,8.95,111.26,71.58,136.39
2024-01-05 17:00:00,38.28,25.72,21.48,71.62,270.32,309.32
2024-01-05 18:00:00,32.17,81.15,23.72,73.27,203.2,160.69
2024-01-05 19:00:00,40.5,84.46,23.2,137.2,62.59,85.66
2024-01-05 20:00:00,38.13,24.28,3.66,198.89,143.29,176.08
2024-01-05 21:00:00,16.53,39.38,35.1,135.75,192.28,144.64
2024-01-05 22:00:00,41.24,76.43,10.62,115.98,43.37,344.95
2024-01-05 23:00:00,28.88,72.38,5.18,148.82,267.08,159.67
2024-01-06 00:00:00,38.26,32.92,35.55,98.39,245.01,326.13
2024-01-06 01:00:00,41.36,34.65,38.23,21.43,161.46,362.16
2024-01-06 02:00:00,21.13,45.93,34.49,116.84,290.8,201.84
2024-01-06 03:00:00,13.85,53.92,32.38,191.95,136.97,368.48
2024-01-06 04:00:00,17.98,63.28,26.21,43.31,295.55,182.06
2024-01-06 05:00:00,24.95,45.82,22.03,141.1,207.02,387.43
2024-01-06 06:00:00,38.63,52.38,3.48,48.18,197.71,81.25
2024-01-06 07:00:00,40.13,72.32,16.34,111.81,66.47,290.46
2024-01-06 08:00:00,10.24,22.57,14.91,28.37,266.94,222.83
2024-01-06 09:00:00,27.88,37.67,10.39,95.57,139.7,185.68
2024-01-06 10:00:00,24.61,69.93,28.94,153.67,65.43,271.45
2024-01-06 11:00:00,17.77,82.66,19.84,76.04,23.53,296.35
2024-01-06 12:00:00,14.2,55.82,3.24,136.33,176.73,51.53
2024-01-06 13:00:00,21.82,57.25,8.81,161.14,167.67,108.43
2024-01-06 14:00:00,43.0,27.5,27.33,186.16,221.42,299.57
2024-01-06 15:00:00,21.31,51.32,3.05,54.58,269.27,283.23
2024-01-06 16:00:00,28.16,57.28,34.05,85.87,42.23,388.12
2024-01-06 17:00:00,34.61,36.97,19.81,38.96,224.82,316.36
2024-01-06 18:00:00,22.73,38.85,19.22,198.57,72.48,382.77
2024-01-06 19:00:00,44.01,46.41,23.7,186.13,260.29,295.89
2024-01-06 20:00:00,43.69,21.4,32.99,112.59,249.34,154.32
2024-01-06 21:00:00,18.81,42.55,13.91,169.99,171.42,86.88
2024-01-06 22:00:00,27.4,34.8,27.12,108.98,218.87,323.64
2024-01-06 23:00:00,20.53,42.92,22.63,128.48,108.02,275.45
2024-01-07 00:00:00,19.97,28.38,10.68,26.93,151.93,66.87
2024-01-07 01:00:00,11.29,82.34,35.15,153.5,250.06,176.02
2024-01-07 02:00:00,31.33,61.55,31.9,34.27,148.59,384.88
2024-01-07 03:00:00,27.59,67.54,26.34,166.95,120.18,225.14
2024-01-07 04:00:00,11.8,75.24,34.02,158.59,158.38,201.46
2024-01-07 05:00:00,19.75,54.89,34.69,144.66,251.91,210.19
2024-01-07 06:00:00,41.79,26.08,28.33,16.87,113.86,123.11
2024-01-07 07:00:00,18.38,57.6,33.48,67.59,68.65,179.05
2024-01-07 08:00:00,15.07,61.08,27.9,59.99,219.36,179.43
2024-01-07 09:00:00,27.13,72.18,27.21,78.43,251.27,68.32
2024-01-07 10:00:00,44.5,50.22,24.74,26.65,48.18,318.65
2024-01-07 11:00:00,18.47,28.93,30.11,188.02,87.16,195.78
2024-01-07 12:00:00,33.52,39.86,6.34,115.22,59.75,337.76
2024-01-07 13:00:00,36.66,45.42,35.23,68.05,117.42,347.62
2024-01-07 14:00:00,18.32,65.21,34.87,85.43,146.1,124.2
2024-01-07 15:00:00,35.49,59.95,1.17,94.97,229.67,280.07
2024-01-07 16:00:00,22.87,44.93,33.03,124.11,202.32,215.3
2024-01-07 17:00:00,32.13,89.06,5.15,107.98,193.86,358.05
2024-01-07 18:00:00,32.17,62.4,13.4,184.68,118.66,125.51
2024-01-07 19:00:00,28.75,36.61,29.74,104.42,255.61,287.23
2024-01-07 20:00:00,13.16,27.12,6.43,198.51,151.96,262.71
2024-01-07 21:00:00,39.24,30.7,32.72,171.77,294.15,153.36
2024-01-07 22:00:00,21.23,37.22,33.29,49.62,197.56,97.81
2024-01-07 23:00:00,16.53,31.25,20.3,186.81,55.35,278.07
2024-01-08 00:00:00,11.43,33.06,0.26,32.11,209.33,308.51
2024-01-08 01:00:00,30.68,39.96,11.48,165.32,111.03,160.47
2024-01-08 02:00:00,33.71,32.14,24.68,82.32,212.17,275.69
2024-01-08 03:00:00,10.58,82.77,39.25,176.82,39.5,188.3
2024-01-08 04:00:00,27.92,25.62,25.27,174.93,68.97,299.62
2024-01-08 05:00:00,17.93,56.72,10.39,163.13,259.61,119.73
2024-01-08 06:00:00,32.58,48.73,25.36,160.11,83.61,361.58
2024-01-08 07:00:00,16.1,88.77,21.6,67.89,254.37,150.59
2024-01-08 08:00:00,34.18,27.84,31.19,25.37,98.2,178.73
2024-01-08 09:00:00,23.54,47.85,4.28,86.57,200.01,70.33
2024-01-08 10:00:00,42.79,87.86,30.44,42.97,214.36,89.03
2024-01-08 11:00:00,14.81,80.59,21.65,142.04,163.54,230.55
2024-01-08 12:00:00,21.94,77.2,38.52,75.76,105.49,143.66
2024-01-08 13:00:00,13.97,38.05,13.67,195.37,79.54,342.42
2024-01-08 14:00:00,42.36,31.96,25.3,131.78,29.29,55.14
2024-01-08 15:00:00,40.71,66.81,37.28,166.27,105.1,182.68
2024-01-08 16:00:00,19.03,85.06,4.1,35.18,202.89,168.07
2024-01-08 17:00:00,33.1,58.97,37.49,173.78,282.73,56.76
2024-01-08 18:00:00,38.6,60.01,27.52,185.32,263.94,93.53
2024-01-08 19:00:00,29.43,39.6,2.71,102.54,234.5,194.77
2024-01-08 20:00:00,28.54,73.86,12.04,125.19,240.77,222.5
2024-01-08 21:00:00,18.46,33.09,28.33,155.31,206.2,191.5
2024-01-08 22:00:00,13.26,42.66,2.69,43.22,92.88,235.83
2024-01-08 23:00:00,41.4,49.78,23.29,105.49,274.01,258.3
2024-01-09 00:00:00,41.51,55.53,13.84,85.75,207.81,53.47
2024-01-09 01:00:00,32.16,36.97,24.84,37.81,176.92,212.43
2024-01-09 02:00:00,21.87,28.04,1.83,79.83,51.08,387.22
2024-01-09 03:00:00,22.22,62.74,34.86,22.95,145.18,231.66
2024-01-09 04:00:00,35.41,40.2,38.94,14.9,148.9,287.14
2024-01-09 05:00:00,41.4,60.69,38.76,35.68,262.08,159.15
2024-01-09 06:00:00,41.05,30.81,29.99,192.99,173.06,320.9
2024-01-09 07:00:00,37.3,53.68,5.2,114.41,126.51,320.52
2024-01-09 08:00:00,32.47,57.28,30.33,193.51,293.5,232.45
2024-01-09 09:00:00,12.94,23.63,0.98,92.17,51.0,391.6
2024-01-09 10:00:00,15.66,43.56,0.88,69.25,138.31,93.94
2024-01-09 11:00:00,41.45,29.41,12.94,106.17,31.77,55.93
2024-01-09 12:00:00,31.23,24.44,19.55,93.51,227.17,319.56
2024-01-09 13:00:00,10.32,89.3,30.82,30.08,277.06,332.5
2024-01-09 14:00:00,13.55,42.56,27.33,131.76,98.41,92.07
2024-01-09 15:00:00,33.22,76.69,17.84,51.05,260.34,142.95
2024-01-09 16:00:00,10.18,37.82,10.95,127.72,101.82,56.14
2024-01-09 17:00:00,15.63,67.71,39.88,133.54,275.02,152.66
2024-01-09 18:00:00,29.21,73.22,17.05,38.88,231.11,320.6
2024-01-09 19:00:00,34.22,61.69,18.06,21.66,245.37,231.29
2024-01-09 20:00:00,32.82,53.01,6.54,158.34,25.04,171.83
2024-01-09 21:00:00,17.85,48.83,31.79,97.36,289.59,180.11
2024-01-09 22:00:00,34.93,44.42,27.75,21.05,223.47,50.47
2024-01-09 23:00:00,18.3,85.07,8.83,199.02,105.33,154.93
2024-01-10 00:00:00,21.39,78.14,3.3,20.98,252.23,276.26
2024-01-10 01:00:00,36.13,87.55,27.22,142.06,98.83,390.97
2024-01-10 02:00:00,32.74,28.7,26.18,196.9,264.37,346.47
2024-01-10 03:00:00,39.72,71.16,10.93,55.44,51.52,58.26
2024-01-10 04:00:00,33.02,85.68,38.03,37.03,217.03,364.5
2024-01-10 05:00:00,29.89,32.69,6.04,33.06,171.4,324.12
2024-01-10 06:00:00,13.28,24.65,17.29,67.62,47.03,323.13
2024-01-10 07:00:00,22.87,71.88,37.74,29.2,87.73,210.3
2024-01-10 08:00:00,19.28,60.21,16.79,141.51,23.47,189.3
2024-01-10 09:00:00,18.54,78.93,25.54,21.84,151.26,156.02
2024-01-10 10:00:00,44.06,29.78,15.9,106.79,104.35,72.99
2024-01-10 11:00:00,23.76,75.67,10.97,199.37,187.54,129.88
2024-01-10 12:00:00,41.22,34.11,39.36,164.65,103.23,136.31
2024-01-10 13:00:00,32.09,31.46,16.37,126.89,103.98,219.43
2024-01-10 14:00:00,37.82,31.5,35.76,68.19,228.09,311.61
2024-01-10 15:00:00,27.59,77.02,9.2,128.54,33.48,215.83
2024-01-10 16:00:00,30.19,66.56,8.52,110.14,272.81,70.25
2024-01-10 17:00:00,27.24,56.61,1.25,90.96,258.63,385.23
2024-01-10 18:00:00,16.83,45.12,26.07,34.83,206.99,379.95
2024-01-10 19:00:00,35.29,81.4,14.74,178.45,186.1,324.82
2024-01-10 20:00:00,19.83,47.47,34.57,95.46,269.84,396.96
2024-01-10 21:00:00,10.85,77.16,18.93,46.98,71.89,240.57
2024-01-10 22:00:00,32.59,50.74,38.73,79.87,42.11,386.97
2024-01-10 23:00:00,16.2,46.39,7.42,88.68,87.06,76.46
2024-01-11 00:00:00,42.92,52.39,34.74,167.23,242.48,177.99
2024-01-11 01:00:00,43.39,41.1,31.06,149.39,29.71,128.88
2024-01-11 02:00:00,42.02,72.33,30.84,156.17,183.19,118.54
2024-01-11 03:00:00,22.96,55.19,33.79,12.1,298.72,99.28
2024-01-11 04:00:00,10.54,36.25,30.44,89.07,259.59,267.84
2024-01-11 05:00:00,42.49,82.97,25.05,101.46,166.0,323.46
2024-01-11 06:00:00,24.99,46.87,5.25,13.65,37.82,252.4
2024-01-11 07:00:00,43.83,58.05,1.3,59.36,252.78,101.44
2024-01-11 08:00:00,43.73,83.45,36.83,154.46,187.71,333.89
2024-01-11 09:00:00,39.86,63.7,24.67,36.05,52.18,272.58
2024-01-11 10:00:00,20.31,28.18,31.86,111.71,46.28,185.86
2024-01-11 11:00:00,23.48,85.79,19.26,50.89,274.7,285.95
2024-01-11 12:00:00,39.79,63.94,4.69,12.3,207.38,140.97
2024-01-11 13:00:00,21.09,43.44,5.01,55.83,252.2,170.82
2024-01-11 14:00:00,15.93,29.75,27.42,195.42,266.11,371.12
2024-01-11 15:00:00,29.49,75.58,17.21,162.29,180.1,151.68
2024-01-11 16:00:00,42.77,63.41,8.02,192.32,164.88,214.5
2024-01-11 17:00:00,34.36,57.34,19.66,102.69,140.52,361.55
2024-01-11 18:00:00,29.95,82.57,2.57,30.85,108.75,297.7
2024-01-11 19:00:00,13.4,75.2,23.28,114.11,141.69,71.77
2024-01-11 20:00:00,31.53,30.62,10.76,96.33,236.69,101.56
2024-01-11 21:00:00,44.65,41.82,31.9,170.43,188.54,52.74
2024-01-11 22:00:00,14.9,37.39,12.41,28.64,269.91,270.82
2024-01-11 23:00:00,28.14,72.08,18.21,102.77,144.15,206.69
2024-01-12 00:00:00,40.71,22.35,0.46,38.51,189.99,97.0
2024-01-12 01:00:00,35.93,59.89,2.9,71.69,196.77,385.28
2024-01-12 02:00:00,34.4,73.37,15.7,150.1,185.68,235.38
2024-01-12 03:00:00,34.59,81.37,19.2,100.44,216.74,134.66
2024-01-12 04:00:00,22.58,43.95,24.0,81.42,86.48,225.21
2024-01-12 05:00:00,20.28,77.49,11.67,84.95,163.46,287.87
2024-01-12 06:00:00,38.33,27.74,27.8,97.29,49.18,76.68
2024-01-12 07:00:00,38.35,79.25,34.4,159.15,127.66,146.15
2024-01-12 08:00:00,40.35,28.92,31.19,179.5,156.55,332.44
2024-01-12 09:00:00,41.96,47.81,1.58,191.51,202.62,210.88
2024-01-12 10:00:00,27.9,75.81,19.22,159.51,286.15,241.3
2024-01-12 11:00:00,27.55,30.49,4.2,69.93,188.18,201.49
2024-01-12 12:00:00,37.94,36.05,9.68,140.75,228.21,65.36
2024-01-12 13:00:00,32.75,70.56,39.47,93.14,161.75,108.01
2024-01-12 14:00:00,34.57,70.4,5.7,58.39,197.55,205.94
2024-01-12 15:00:00,37.85,64.88,19.96,169.77,39.86,123.21
2024-01-12 16:00:00,41.15,68.58,24.73,17.3,91.23,67.49
2024-01-12 17:00:00,21.83,57.99,28.1,181.33,121.32,345.28
2024-01-12 18:00:00,23.15,37.63,22.39,97.68,152.3,393.42
2024-01-12 19:00:00,13.29,44.2,0.39,131.07,32.78,327.6
2024-01-12 20:00:00,30.24,32.71,13.06,135.28,59.21,348.82
2024-01-12 21:00:00,11.26,83.59,20.71,180.07,97.51,134.69
2024-01-12 22:00:00,26.3,60.84,3.51,130.97,292.03,386.22
2024-01-12 23:00:00,28.99,48.06,14.03,126.65,112.78,118.92
2024-01-13 00:00:00,20.03,52.34,1.33,22.66,154.97,383.0
2024-01-13 01:00:00,30.68,86.31,3.14,108.5,74.91,398.19
2024-01-13 02:00:00,11.07,30.73,15.88,38.53,191.02,299.1
2024-01-13 03:00:00,11.31,61.04,5.31,150.11,98.59,393.4
2024-01-13 04:00:00,38.79,55.41,22.7,107.32,77.96,249.34
2024-01-13 05:00:00,22.61,62.8,27.58,139.24,164.64,140.84
2024-01-13 06:00:00,14.45,21.27,32.02,17.92,21.54,202.95
2024-01-13 07:00:00,28.28,81.05,8.01,26.11,22.15,257.75
2024-01-13 08:00:00,36.95,85.25,6.7,146.1,81.34,75.58
2024-01-13 09:00:00,17.55,59.56,4.18,23.7,30.28,267.82
2024-01-13 10:00:00,31.8,68.77,25.46,23.54,50.25,393.41
2024-01-13 11:00:00,12.99,84.57,28.26,12.3,114.88,116.54
2024-01-13 12:00:00,11.81,69.51,1.26,191.74,244.72,327.41
2024-01-13 13:00:00,28.6,30.68,37.45,150.13,180.17,367.76
2024-01-13 14:00:00,28.92,60.34,2.08,77.12,163.55,380.3
2024-01-13 15:00:00,32.31,62.47,21.65,66.34,102.18,386.05
2024-01-13 16:00:00,35.41,49.69,28.36,76.44,280.89,232.51
2024-01-13 17:00:00,44.15,71.55,34.84,157.18,131.16,392.06
2024-01-13 18:00:00,28.07,85.41,28.56,135.66,44.39,315.06
2024-01-13 19:00:00,21.3,84.79,32.07,45.19,192.78,106.59
2024-01-13 20:00:00,37.83,51.56,13.58,43.08,51.87,216.92
2024-01-13 21:00:00,19.48,27.93,32.59,28.7,116.66,301.42
2024-01-13 22:00:00,25.36,88.94,3.2,135.46,162.08,136.57
2024-01-13 23:00:00,12.75,78.72,35.79,155.23,264.78,274.22
2024-01-14 00:00:00,10.89,28.73,21.9,60.36,158.19,283.31
2024-01-14 01:00:00,43.69,84.46,32.69,13.98,216.63,106.94
2024-01-14 02:00:00,39.26,80.89,18.09,25.61,297.99,247.78
2024-01-14 03:00:00,34.36,56.32,25.74,193.89,56.82,320.07
2024-01-14 04:00:00,24.31,61.39,21.06,66.13,96.92,224.61
2024-01-14 05:00:00,16.07,47.93,29.26,156.15,130.48,54.24
2024-01-14 06:00:00,15.48,23.83,3.27,128.69,138.11,53.16
2024-01-14 07:00:00,18.76,43.46,2.41,82.57,135.09,174.96
2024-01-14 08:00:00,29.22,76.2,9.88,49.08,274.13,374.17
2024-01-14 09:00:00,35.01,20.32,6.38,33.06,219.93,130.04
2024-01-14 10:00:00,33.11,43.34,34.87,126.85,190.21,272.03
2024-01-14 11:00:00,19.8,47.87,8.77,157.18,106.62,127.73
2024-01-14 12:00:00,43.42,57.62,39.03,132.34,250.66,162.58
2024-01-14 13:00:00,35.83,84.39,13.48,110.76,287.42,346.81
2024-01-14 14:00:00,29.4,44.24,7.28,17.97,249.94,305.1
2024-01-14 15:00:00,31.41,44.29,31.59,194.01,20.44,83.39
2024-01-14 16:00:00,24.69,71.63,26.35,161.76,198.19,200.05
2024-01-14 17:00:00,18.67,51.66,19.93,65.64,34.32,60.21
2024-01-14 18:00:00,22.46,35.72,22.21,196.19,92.13,218.31
2024-01-14 19:00:00,36.52,51.67,28.77,124.36,36.67,281.85
2024-01-14 20:00:00,10.5,29.86,9.14,120.66,189.06,91.48
2024-01-14 21:00:00,14.06,32.35,39.85,152.13,212.25,151.11
2024-01-14 22:00:00,11.61,54.89,38.99,164.24,52.06,189.24
2024-01-14 23:00:00,11.43,49.32,26.01,134.73,127.47,371.84
2024-01-15 00:00:00,39.94,84.04,7.98,34.34,147.75,397.64
2024-01-15 01:00:00,34.63,45.37,27.21,74.27,123.33,65.72
2024-01-15 02:00:00,26.6,60.64,2.89,186.34,53.89,316.35
2024-01-15 03:00:00,13.42,64.26,1.23,52.68,137.31,180.1
2024-01-15 04:00:00,27.21,20.92,10.31,80.71,230.33,187.36
2024-01-15 05:00:00,26.57,66.45,18.5,92.09,39.88,313.99
2024-01-15 06:00:00,16.06,32.46,34.73,93.49,42.45,371.45
2024-01-15 07:00:00,25.18,87.27,29.09,126.46,119.34,382.83
2024-01-15 08:00:00,23.95,30.41,29.71,189.18,283.68,251.99
2024-01-15 09:00:00,31.55,49.02,17.02,55.73,207.2,174.99
2024-01-15 10:00:00,32.23,25.97,13.84,33.09,210.03,325.64
2024-01-15 11:00:00,11.59,89.78,14.84,47.52,121.34,137.85
2024-01-15 12:00:00,23.11,55.15,39.51,178.52,186.23,247.43
2024-01-15 13:00:00,31.91,61.68,1.6,132.7,22.84,175.5
2024-01-15 14:00:00,27.61,24.7,34.68,64.32,198.11,279.82
2024-01-15 15:00:00,39.98,72.5,23.15,165.03,275.72,134.14
2024-01-15 16:00:00,33.05,34.69,17.54,173.66,191.52,117.06
2024-01-15 17:00:00,15.7,82.86,29.01,170.84,264.64,371.38
2024-01-15 18:00:00,12.47,34.36,19.47,184.6,222.71,85.63
2024-01-15 19:00:00,32.48,33.35,34.94,57.93,53.76,227.09
2024-01-15 20:00:00,10.93,22.56,36.03,153.46,272.69,127.3
2024-01-15 21:00:00,30.5,53.04,16.87,97.5,38.6,63.63
2024-01-15 22:00:00,42.91,59.54,11.07,169.98,169.51,62.61
2024-01-15 23:00:00,30.14,24.6,23.69,148.41,59.8,111.33
2024-01-16 00:00:00,23.59,74.29,36.49,157.53,23.28,353.37
2024-01-16 01:00:00,32.52,51.73,8.43,134.67,138.17,148.87
2024-01-16 02:00:00,26.04,56.71,24.92,43.71,102.61,382.66
2024-01-16 03:00:00,29.1,50.85,25.26,113.56,156.08,253.57
2024-01-16 04:00:00,42.95,48.05,29.32,197.09,181.62,202.81
2024-01-16 05:00:00,23.51,59.17,5.26,188.1,32.25,253.03
2024-01-16 06:00:00,43.64,30.87,28.63,18.2,54.44,230.84
2024-01-16 07:00:00,41.69,32.73,36.36,41.31,176.42,315.57
2024-01-16 08:00:00,16.85,80.32,7.19,35.03,116.09,148.87
2024-01-16 09:00:00,12.43,86.23,9.5,147.94,224.17,173.57
2024-01-16 10:00:00,13.53,46.13,38.86,165.38,202.64,362.93
2024-01-16 11:00:00,10.64,38.95,7.24,50.57,256.77,381.26
2024-01-16 12:00:00,13.31,65.08,34.18,106.11,213.9,362.4
2024-01-16 13:00:00,33.91,48.61,19.69,169.73,140.38,196.81
2024-01-16 14:00:00,12.49,21.78,9.89,149.23,208.43,323.13
2024-01-16 15:00:00,21.16,30.93,34.83,113.03,97.11,216.72
2024-01-16 16:00:00,39.57,70.12,17.81,122.17,105.77,224.14
2024-01-16 17:00:00,10.81,66.12,20.59,106.59,240.92,121.64
2024-01-16 18:00:00,38.51,21.9,14.37,66.53,145.0,256.9
2024-01-16 19:00:00,19.86,35.54,23.72,117.35,243.55,115.15
2024-01-16 20:00:00,14.14,36.18,6.54,140.89,250.28,166.05
2024-01-16 21:00:00,34.39,67.03,15.64,175.93,260.12,349.26
2024-01-16 22:00:00,32.01,21.38,38.78,130.9,276.66,122.48
2024-01-16 23:00:00,40.71,27.29,10.33,154.61,140.68,74.91
2024-01-17 00:00:00,35.73,75.99,26.27,40.41,109.28,74.15
2024-01-17 01:00:00,38.12,32.5,13.01,97.7,183.02,379.27
2024-01-17 02:00:00,19.87,65.69,30.94,11.77,123.93,227.42
2024-01-17 03:00:00,16.21,36.67,5.23,56.87,188.3,193.29
2024-01-17 04:00:00,36.27,26.96,38.79,148.03,217.56,333.81
2024-01-17 05:00:00,38.24,37.02,18.15,198.44,212.75,342.54
2024-01-17 06:00:00,44.67,70.56,9.44,28.84,124.87,166.27
2024-01-17 07:00:00,24.44,79.9,2.94,86.28,66.72,292.77
2024-01-17 08:00:00,23.02,78.12,6.79,162.01,140.55,319.89
2024-01-17 09:00:00,37.17,47.8,20.79,48.77,59.93,279.13
2024-01-17 10:00:00,21.93,66.77,13.48,115.47,269.23,103.06
2024-01-17 11:00:00,42.58,34.35,33.16,149.28,116.85,356.56
2024-01-17 12:00:00,40.04,40.52,17.24,127.04,63.25,238.68
2024-01-17 13:00:00,25.01,82.74,9.95,45.72,27.13,148.87
2024-01-17 14:00:00,36.28,20.91,24.69,77.52,200.83,198.83
2024-01-17 15:00:00,36.41,25.99,28.27,158.92,198.33,63.15
2024-01-17 16:00:00,13.61,34.55,6.68,115.3,115.37,94.75
2024-01-17 17:00:00,41.59,21.86,6.7,10.99,40.08,317.94
2024-01-17 18:00:00,27.68,32.7,1.47,154.59,134.7,50.0
2024-01-17 19:00:00,38.93,60.81,29.46,16.71,107.14,195.8
2024-01-17 20:00:00,21.2,49.5,26.55,151.69,209.59,232.88
2024-01-17 21:00:00,41.34,82.49,18.99,48.47,189.62,69.12
2024-01-17 22:00:00,23.62,77.22,33.77,192.03,122.09,390.58
2024-01-17 23:00:00,10.38,43.93,32.23,79.91,81.01,129.14
2024-01-18 00:00:00,41.69,38.16,23.41,72.12,296.65,156.47
2024-01-18 01:00:00,13.2,46.58,34.73,38.29,147.12,156.38
2024-01-18 02:00:00,21.18,61.32,8.23,68.06,212.72,130.65
2024-01-18 03:00:00,43.25,38.76,4.48,176.56,59.35,50.52
2024-01-18 04:00:00,43.27,63.69,10.79,199.3,155.97,305.27
2024-01-18 05:00:00,30.07,48.66,2.28,79.98,27.71,388.4
2024-01-18 06:00:00,32.11,58.64,21.25,95.24,161.53,128.5
2024-01-18 07:00:00,25.7,50.53,37.46,147.19,289.92,282.07
2024-01-18 08:00:00,20.26,40.61,1.57,178.38,127.58,309.66
2024-01-18 09:00:00,21.5,86.39,4.88,122.68,30.92,346.95
2024-01-18 10:00:00,33.54,73.45,18.09,84.39,28.67,197.92
2024-01-18 11:00:00,36.33,29.81,37.36,88.4,128.64,156.03
2024-01-18 12:00:00,37.71,80.79,12.65,142.17,64.81,163.85
2024-01-18 13:00:00,37.64,54.12,20.29,10.61,26.54,299.42
2024-01-18 14:00:00,13.19,82.62,1.66,127.72,231.74,335.87
2024-01-18 15:00:00,27.3,75.99,5.93,77.54,148.39,113.56
2024-01-18 16:00:00,12.01,49.76,39.47,160.9,100.99,179.83
2024-01-18 17:00:00,29.23,21.57,38.6,27.67,272.02,365.68
2024-01-18 18:00:00,25.45,38.81,0.2,121.76,52.52,332.34
2024-01-18 19:00:00,41.07,57.91,38.07,101.38,287.66,394.7
2024-01-18 20:00:00,22.28,64.34,25.56,132.04,107.91,313.99
2024-01-18 21:00:00,14.1,38.05,34.72,22.32,268.75,187.62
2024-01-18 22:00:00,15.0,29.75,18.19,120.2,188.82,256.72
2024-01-18 23:00:00,36.65,78.45,20.62,116.68,251.48,281.35
2024-01-19 00:00:00,31.64,88.91,19.55,116.53,295.52,77.46
2024-01-19 01:00:00,13.54,56.8,26.67,124.66,100.75,240.57
2024-01-19 02:00:00,12.94,32.02,5.59,138.53,289.12,298.26
2024-01-19 03:00:00,34.53,39.06,1.2,162.95,129.05,108.56
2024-01-19 04:00:00,12.55,21.29,12.32,61.27,127.94,323.22
2024-01-19 05:00:00,38.77,84.0,28.19,166.76,115.31,254.32
2024-01-19 06:00:00,34.72,28.24,8.07,104.67,171.59,383.28
2024-01-19 07:00:00,12.85,60.36,26.94,24.64,63.16,64.85
2024-01-19 08:00:00,12.97,39.18,38.8,21.12,175.04,142.86
2024-01-19 09:00:00,44.53,58.79,3.76,73.51,171.68,260.54
2024-01-19 10:00:00,23.1,65.6,26.9,159.13,233.33,153.8
2024-01-19 11:00:00,22.97,78.08,17.75,144.46,253.42,300.05
2024-01-19 12:00:00,38.45,34.45,34.73,159.84,143.32,315.65
2024-01-19 13:00:00,43.15,20.77,7.09,108.28,104.65,85.88
2024-01-19 14:00:00,44.51,29.58,27.71,93.64,92.61,229.85
2024-01-19 15:00:00,36.37,83.0,33.52,38.02,74.49,228.11
2024-01-19 16:00:00,23.17,81.17,37.78,72.36,36.14,179.25
2024-01-19 17:00:00,12.92,61.82,27.33,92.46,115.89,376.52
2024-01-19 18:00:00,37.2,62.04,19.89,26.83,95.67,339.63
2024-01-19 19:00:00,29.54,66.55,24.71,51.92,290.6,294.02
2024-01-19 20:00:00,24.85,32.28,34.76,123.66,176.16,300.01
2024-01-19 21:00:00,41.72,84.01,22.82,149.78,117.24,211.6
2024-01-19 22:00:00,13.89,49.31,1.22,199.69,182.53,372.35
2024-01-19 23:00:00,27.24,46.82,37.24,187.29,58.98,293.11
2024-01-20 00:00:00,10.4,56.32,27.58,132.09,144.33,305.14
2024-01-20 01:00:00,26.4,23.29,27.06,90.04,195.35,351.59
2024-01-20 02:00:00,11.97,31.64,8.63,130.87,156.89,145.93
2024-01-20 03:00:00,14.16,71.66,26.36,159.27,132.5,332.47
2024-01-20 04:00:00,14.11,25.8,15.75,32.48,298.28,118.33
2024-01-20 05:00:00,32.72,62.22,26.05,87.88,266.49,170.87
2024-01-20 06:00:00,36.11,37.17,4.26,169.56,194.55,167.46
2024-01-20 07:00:00,30.42,47.25,26.31,82.93,179.43,392.48
2024-01-20 08:00:00,43.68,40.21,39.98,118.66,193.78,349.79
2024-01-20 09:00:00,23.12,44.9,1.93,121.68,76.37,295.41
2024-01-20 10:00:00,20.0,70.33,39.09,45.05,130.64,304.47
2024-01-20 11:00:00,40.4,40.8,16.28,78.82,31.05,246.73
2024-01-20 12:00:00,17.83,59.65,34.83,73.56,153.15,381.48
2024-01-20 13:00:00,43.71,53.32,31.3,14.98,172.05,223.69
2024-01-20 14:00:00,10.43,66.46,22.68,14.6,83.77,183.18
2024-01-20 15:00:00,43.95,85.58,29.54,168.02,289.93,107.06
2024-01-20 16:00:00,11.51,71.28,35.14,61.88,274.65,325.17
2024-01-20 17:00:00,41.19,35.05,16.17,108.43,222.2,307.06
2024-01-20 18:00:00,28.47,22.18,13.08,66.76,169.35,184.52
2024-01-20 19:00:00,44.75,38.36,26.7,188.73,263.59,58.82
2024-01-20 20:00:00,12.58,61.66,32.31,59.27,56.58,343.65
2024-01-20 21:00:00,29.38,23.6,30.49,91.63,241.34,54.0
2024-01-20 22:00:00,43.93,54.75,31.91,175.82,54.95,296.29
2024-01-20 23:00:00,28.31,61.78,17.42,169.97,242.38,389.59
2024-01-21 00:00:00,32.03,43.4,32.71,45.36,97.21,203.18
2024-01-21 01:00:00,34.35,73.96,4.81,162.5,265.59,132.24
2024-01-21 02:00:00,25.91,27.46,21.78,97.06,284.33,296.7
2024-01-21 03:00:00,31.96,25.26,0.23,101.76,61.66,335.99
2024-01-21 04:00:00,30.45,70.97,12.98,35.36,149.55,241.25
2024-01-21 05:00:00,41.54,54.68,14.66,25.31,294.68,388.46
2024-01-21 06:00:00,11.59,68.19,15.85,148.31,155.35,68.08
2024-01-21 07:00:00,19.83,50.44,27.82,104.33,261.79,226.68
2024-01-21 08:00:00,43.26,37.25,15.54,93.0,184.84,301.46
2024-01-21 09:00:00,41.16,77.34,17.95,148.61,125.09,351.92
2024-01-21 10:00:00,25.95,75.96,9.5,155.45,100.02,112.74
2024-01-21 11:00:00,31.7,68.63,14.93,40.19,76.9,330.0
2024-01-21 12:00:00,19.71,39.05,9.09,125.94,233.3,243.45
2024-01-21 13:00:00,16.58,61.32,2.93,35.72,128.23,188.79
2024-01-21 14:00:00,26.23,45.27,24.14,152.76,163.16,96.1
2024-01-21 15:00:00,22.37,26.41,26.73,134.82,157.85,352.85
2024-01-21 16:00:00,30.43,84.21,24.78,191.76,181.64,105.05
2024-01-21 17:00:00,12.72,29.58,18.54,23.1,262.36,158.43
2024-01-21 18:00:00,44.1,86.52,15.19,20.84,294.61,151.52
2024-01-21 19:00:00,44.52,51.22,34.53,63.62,134.12,354.99
